{
  "hash": "71db89b8",
  "configHash": "157216b2",
  "lockfileHash": "125ad058",
  "browserHash": "c95e92a4",
  "optimized": {
    "@angular/common": {
      "src": "../../../../../node_modules/@angular/common/fesm2022/common.mjs",
      "file": "@angular_common.js",
      "fileHash": "e94a4702",
      "needsInterop": false
    },
    "@angular/common/http": {
      "src": "../../../../../node_modules/@angular/common/fesm2022/http.mjs",
      "file": "@angular_common_http.js",
      "fileHash": "c2dc1555",
      "needsInterop": false
    },
    "@angular/core": {
      "src": "../../../../../node_modules/@angular/core/fesm2022/core.mjs",
      "file": "@angular_core.js",
      "fileHash": "e2a9485c",
      "needsInterop": false
    },
    "@angular/platform-browser": {
      "src": "../../../../../node_modules/@angular/platform-browser/fesm2022/platform-browser.mjs",
      "file": "@angular_platform-browser.js",
      "fileHash": "a813a04d",
      "needsInterop": false
    },
    "@angular/router": {
      "src": "../../../../../node_modules/@angular/router/fesm2022/router.mjs",
      "file": "@angular_router.js",
      "fileHash": "147d17c8",
      "needsInterop": false
    }
  },
  "chunks": {
    "chunk-NQGLZ2YA": {
      "file": "chunk-NQGLZ2YA.js"
    },
    "chunk-IQFSP22K": {
      "file": "chunk-IQFSP22K.js"
    },
    "chunk-QHALDMLH": {
      "file": "chunk-QHALDMLH.js"
    },
    "chunk-GSEU53OH": {
      "file": "chunk-GSEU53OH.js"
    }
  }
}